{
  "images" : [
    {
      "idiom" : "iphone",
      "scale" : "1x"
    },
    {
      "idiom" : "iphone",
      "subtype" : "retina4",
      "scale" : "1x"
    },
    {
      "idiom" : "iphone",
      "filename" : "LuckyBackground@2x.jpg",
      "scale" : "2x"
    },
    {
      "idiom" : "iphone",
      "filename" : "LuckyBackground-568h@2x.jpg",
      "subtype" : "retina4",
      "scale" : "2x"
    },
    {
      "idiom" : "iphone",
      "scale" : "3x"
    },
    {
      "idiom" : "iphone",
      "subtype" : "retina4",
      "scale" : "3x"
    }
  ],
  "info" : {
    "version" : 1,
    "author" : "xcode"
  }
}